Nama,Nim,Tahun_Lulus
Bob,184172000118,2021
Alfred,184172000220,2022
Patrick,184172000317,2021
Edward,184172000411,2019
Nicole,184172000520,2021
Oscar,184172000614,2020
Amanda,184172000720,2019
David,184172000813,2020
Edith,184172000920,2023
Victor,184172001012,2020
Julia,184172001118,2020
Luke,184172001217,2021
Preston,184172001314,2018
Cherry,184172001414,2018
Valeria,184172001512,2019
Steven,184172001620,2024
Charlie,184172001717,2021
Emma,184172001810,2021
Lyndon,184172001919,2024
Abraham,184172002012,2022
John,184172002116,2021
Kevin,184172002218,2020
Maximilian,184172002310,2023
Michael,184172002416,2020
Sawyer,184172002512,2024
Emma,184172002610,2019
Melissa,184172002715,2024
Paul,184172002817,2021
Jacob,184172002920,2022
Connie,184172003016,2020
Preston,184172003110,2020
Haris,184172003216,2018
Charlotte,184172003316,2022
Adrianna,184172003416,2024
Adison,184172003516,2023
Melissa,184172003617,2022
Grace,184172003720,2021
Violet,184172003810,2020
Daisy,184172003910,2020
Derek,184172004014,2018
Emily,184172004116,2024
Audrey,184172004210,2023
Preston,184172004318,2023
Oscar,184172004410,2023
Annabella,184172004511,2021
Fiona,184172004615,2023
Adison,184172004718,2020
Alexia,184172004813,2023
Spike,184172004919,2018
Vanessa,184172005018,2019
Ashton,184172005111,2024
Aldus,184172005217,2022
Sawyer,184172005314,2022
Mary,184172005417,2021
Hailey,184172005520,2020
Caroline,184172005610,2019
Henry,184172005714,2019
Chelsea,184172005810,2024
Madaline,184172005918,2019
Aston,184172006020,2023
Preston,184172006116,2020
Alfred,184172006211,2019
Alford,184172006316,2024
Cherry,184172006413,2020
Annabella,184172006519,2022
Martin,184172006616,2021
Maximilian,184172006710,2023
Martin,184172006817,2018
Eddy,184172006920,2024
Miller,184172007013,2020
Rebecca,184172007115,2024
Lyndon,184172007216,2021
James,184172007317,2021
Cadie,184172007412,2020
Aiden,184172007516,2024
Darcy,184172007618,2018
Tony,184172007715,2019
Rebecca,184172007811,2018
Rafael,184172007912,2021
Alfred,184172008013,2023
Michael,184172008118,2023
Wilson,184172008215,2021
Dominik,184172008319,2020
Daryl,184172008417,2024
Brad,184172008516,2021
Arnold,184172008610,2019
Isabella,184172008711,2019
Belinda,184172008818,2023
Briony,184172008920,2023
Emma,184172009018,2023
Albert,184172009111,2019
Miranda,184172009213,2019
Amy,184172009318,2019
Walter,184172009415,2021
Stella,184172009513,2023
Penelope,184172009618,2021
Ted,184172009717,2024
Eleanor,184172009818,2024
Brianna,184172009914,2019
Jenna,184172010011,2018
Kelsey,184172010118,2024
Deanna,184172010217,2021
Heather,184172010319,2021
Daniel,184172010410,2022
Adelaide,184172010515,2023
Alfred,184172010616,2018
Julian,184172010717,2022
Adele,184172010820,2023
Henry,184172010916,2021
Savana,184172011014,2022
Nicole,184172011120,2024
Cherry,184172011213,2018
Aida,184172011314,2021
Florrie,184172011416,2019
Paige,184172011516,2018
James,184172011620,2018
Paige,184172011716,2023
Luke,184172011816,2023
Adison,184172011918,2021
Kelsey,184172012011,2022
George,184172012114,2024
Derek,184172012217,2023
Grace,184172012315,2024
Daisy,184172012418,2023
Tyler,184172012519,2019
Camila,184172012615,2019
Anna,184172012714,2023
Lucas,184172012815,2018
Dominik,184172012910,2018
Marcus,184172013113,2018
Jacob,184172013213,2021
Aldus,184172013310,2021
Alford,184172013418,2021
Lyndon,184172013515,2022
Justin,184172013617,2023
Kristian,184172013717,2021
Ned,184172013813,2021
Roman,184172013914,2022
Roland,184172014012,2021
Charlie,184172014115,2021
Garry,184172014215,2020
Bruce,184172014317,2018
Fiona,184172014411,2023
Briony,184172014519,2019
Ryan,184172014612,2019
Derek,184172014712,2018
Frederick,184172014810,2020
Sienna,184172014913,2024
Naomi,184172015015,2019
Nicole,184172015115,2018
Abigail,184172015214,2022
Thomas,184172015313,2023
Walter,184172015411,2023
Fiona,184172015516,2019
Nicole,184172015615,2021
Kellan,184172015715,2022
John,184172015813,2023
Bruce,184172015919,2022
Alford,184172016013,2021
Miley,184172016113,2021
Kristian,184172016218,2021
Vanessa,184172016319,2024
Jessica,184172016414,2018
Richard,184172016511,2024
James,184172016611,2023
Madaline,184172016710,2018
Ryan,184172016817,2023
Richard,184172016919,2019
Catherine,184172017011,2019
Eddy,184172017110,2022
Emily,184172017216,2023
Miley,184172017315,2020
Melissa,184172017412,2020
Jared,184172017517,2021
Connie,184172017614,2019
Chester,184172017720,2021
Briony,184172017811,2023
Tess,184172017920,2020
Elise,184172018020,2024
Brad,184172018110,2022
Lilianna,184172018212,2022
Miley,184172018314,2024
Carlos,184172018413,2024
Darcy,184172018515,2024
Alen,184172018619,2023
Albert,184172018718,2021
Edith,184172018819,2022
Antony,184172018917,2020
Adison,184172019018,2021
Miller,184172019116,2024
Michael,184172019214,2021
Connie,184172019312,2020
Alexander,184172019410,2024
Amanda,184172019520,2018
Samantha,184172019617,2020
Frederick,184172019717,2019
James,184172019816,2023
George,184172019912,2020
Harold,184172020012,2020
Elise,184172020114,2022
Antony,184172020215,2020
Stephanie,184172020320,2024
Taylor,184172020412,2020
Barnes,184172020520,2018
Harrison,184172020610,2018
Riley,184172020717,2019
Barrett,184172020817,2021
Carroll,184172020919,2020
Brooks,184172021011,2022
Murray,184172021112,2021
Alexander,184172021213,2018
Evans,184172021318,2018
Johnston,184172021413,2021
Crawford,184172021517,2023
Douglas,184172021620,2022
Turner,184172021720,2022
Adams,184172021811,2019
Nelson,184172021911,2018
Martin,184172022011,2022
Sullivan,184172022118,2022
Warren,184172022218,2019
Iwan,184172022313,2021
Agnes,184172022418,2019
Mirai,184172022513,2019
Denver,184172022615,2024